cycle_mid,cycle_end,cumulative_expected_births,effective_total_birth_hazard_per_cycle
4732.681766228638,9465.363532457275,0.0027958094228825,2.9537264081781e-07
14322.2567341708,19179.149935884325,0.0056456893638167,2.933850738089891e-07
24163.70075956258,29148.251583240835,0.0085497794591155,2.9130910668052746e-07
34264.011180544585,39379.77077784833,0.0115090903725413,2.892347516667417e-07
44630.398925070505,49881.02707229269,0.0145238713544889,2.870876490789543e-07
55270.29597490553,60659.56487751838,0.0175949804143055,2.849281707141809e-07
66191.36313573821,71723.16139395803,0.0207227219332624,2.827056748055951e-07
77401.49812806468,83079.83486217131,0.0239078556707091,2.8046361871385306e-07
88908.84401089468,94737.85315961804,0.0271509926541067,2.781893886809126e-07
100721.79796040227,106705.74276118651,0.0304528095464977,2.758896515855453e-07
112849.02041629952,118992.29807141252,0.0338136950223621,2.7354172027917104e-07
125299.44461387831,131606.5911563441,0.0372344313006673,2.711793879588418e-07
138082.2865222167,144557.98188808927,0.040715505649775,2.6877996511797224e-07
151207.05520947656,157856.12853086382,0.0442572434475095,2.6633318859202717e-07
164683.56365617452,171510.9987814852,0.0478600989376626,2.638513163454734e-07
178521.94003342482,185532.88128536445,0.0515242243417033,2.613147987103011e-07
192732.6394781305,199932.39767089655,0.0552504517121986,2.5877448038735683e-07
207326.45638603944,214720.51510118236,0.0590392443639384,2.562052045908438e-07
222314.53724775533,229908.5593943283,0.0628909007099458,2.5359791370542507e-07
237708.39405740553,245508.2287204828,0.0668055004007141,2.509411968242859e-07
253519.9183225574,261531.607924632,0.0707833626884205,2.4825364469164793e-07
269761.3957074147,277991.18349019747,0.0748249310886078,2.4554511652430015e-07
286445.5213448813,294899.859199565,0.0789301931524974,2.4279027727850085e-07
303585.4158477607,312270.97249595635,0.0830995080653388,2.4001426055447696e-07
321194.6420590534,330118.31162215053,0.0873331839864986,2.3721608533487836e-07
339287.2225753787,348456.13352860697,0.091630898110714,2.3436339092715502e-07
357877.65809667803,367299.1826647491,0.0959927510784019,2.3148339401830664e-07
376980.9466361016,386662.710607454,0.1004190735552111,2.2859070361074307e-07
396612.60363920877,406562.49667096353,0.1049094601646739,2.256499941824437e-07
416788.6830681781,427014.8694653927,0.109463969699554,2.2268856433717395e-07
437525.79949175275,448036.7295181128,0.1140825122966569,2.1970190009448263e-07
458841.15124424745,469645.5729703821,0.1187646479925592,2.166768298472072e-07
480752.5447232668,491859.5164761515,0.1235102776881228,2.1363292358833397e-07
503278.4198692817,514697.323262412,0.1283191325038405,2.105655267479873e-07
526437.8769037467,538178.4305450814,0.1331908378783236,2.0747340897670214e-07
550250.7044055582,562322.978266035,0.1381250655749734,2.0436198489515253e-07
574737.4087794098,587151.8392927847,0.1431208990577681,2.0121073928491398e-07
599919.2452248393,612686.6511568938,0.1481779074066645,1.9804368936840981e-07
625818.2502802382,638949.8494035827,0.1532956269849918,1.9486277072033675e-07
652457.2760123778,665964.702621173,0.1584733317374825,1.916614060712095e-07
679860.0259812877,693755.3493414025,0.1637099236391068,1.884300122390626e-07
708051.0930789773,722346.8368165521,0.1690047990910866,1.8519062558678903e-07
737055.9993302373,751765.1618439223,0.1743570293781343,1.8193524893304064e-07
766901.237789693,782037.3137354639,0.1797655963570801,1.786647674841053e-07
797614.3166694841,813191.3196035045,0.1852292820676318,1.7537666692669709e-07
829223.8058171523,845256.2920308,0.1907467974718096,1.720729814032509e-07
861759.3856945534,878262.4793583069,0.196317075645461,1.687646657997735e-07
895251.8990147943,912241.3186712818,0.2019387458410568,1.654462103256469e-07
929733.4051713396,947225.4916713976,0.2076102331981727,1.621158046839388e-07
965237.2376860196,983248.9837006415,0.2133302716411234,1.5878633971151783e-07
1001798.0648315698,1020347.145962498,0.2190970285506499,1.5544589160029024e-07
1039451.9536156696,1058556.761268841,0.2249089310423684,1.5210575780786942e-07
1078236.437385451,1097916.113502061,0.230764037238515,1.487602275935019e-07
1118190.587246581,1138465.060991101,0.2366605961906014,1.4541829855584277e-07
1159355.0875445358,1180245.1140979703,0.2425965932866673,1.4207729896566185e-07
1201772.3156811814,1223299.5172643925,0.2485701219469024,1.3874373399498917e-07
1245486.4265582967,1267673.335852201,0.2545788511362781,1.3541158684563947e-07
1290543.4419363218,1313413.5480204425,0.2606206167780001,1.320887104655133e-07
1336991.3450194078,1360569.1420183731,0.2666932191676825,1.2877798527888172e-07
1384880.1806790968,1409191.2193398203,0.2727940549720256,1.254746020827042e-07
1434262.1616039881,1459333.1038681562,0.2789207486772402,1.2218714479613037e-07
1485191.7808359188,1511050.4578036815,0.285070625550706,1.1891321588364118e-07
1537725.931151486,1564401.4044992905,0.2912411149328393,1.1565847963933366e-07
1591924.0316557563,1619446.6588122223,0.2974294245463812,1.1242221860510364e-07
1647848.16217173,1676249.6655312378,0.3036327733974736,1.0920810727111932e-07
1705563.2060055041,1734876.7464797704,0.3098481786501527,1.0601594266880652e-07
1765137.0015130718,1795397.256546373,0.3160727107294556,1.0284996065718592e-07
1826640.5032082903,1857883.7498702076,0.3223032156778321,9.970962710432614e-08
1890147.9531443883,1922412.1564185687,0.3285366316848258,9.659956506630949e-08
1955737.0631934605,1989061.969968352,0.3347697287495299,9.352009754758596e-08
2023489.2089783554,2057916.4479883588,0.3409992319823685,9.047346537183053e-08
2093489.6364221622,2129062.8248559656,0.3472219112080357,8.746305152329446e-08
2165827.681803102,2202592.5387502387,0.3534343258627365,8.448849214391742e-08
2240597.006212213,2278601.4736741874,0.3596329947179552,8.155184468011312e-08
2317895.84563166,2357190.217589132,0.3658145311899161,7.865676640221005e-08
2397827.2776841903,2438464.337779249,0.3719754434578597,7.580410902673541e-08
2480499.506307697,2522534.674836145,0.3781122386669158,7.299596295067689e-08
2566026.1658364777,2609517.656836811,0.3842212186843941,7.023189912518168e-08
2654526.645806535,2699535.63477626,0.3902988204515439,6.751542198868289e-08
2746126.438135245,2792717.24149423,0.3963414879142121,6.484828578838881e-08
2840957.5084457956,2889197.7753973613,0.4023456043645935,6.223137670869108e-08
2939158.693452362,2989119.611507362,0.4083075603344588,5.966619711933614e-08
3040876.1262281584,3092632.640948954,0.4142237621089275,5.7154174758327765e-08
3146263.6918045683,3199894.742660183,0.4200907022732708,5.469723295314762e-08
3255483.515507494,3311072.2883548057,0.4259047818090656,5.229544778551479e-08
3368706.4863842605,3426340.684413715,0.4316624487059002,4.995009121053515e-08
3486112.8189341137,3545884.953454513,0.4373602858281232,4.766298851414135e-08
3607892.6558913547,3669900.358328196,0.4429948620396207,4.543448628206013e-08
3734246.715555531,3798593.072782866,0.4485627844690572,4.326524973096052e-08
3865386.9875432197,3932180.902303573,0.4540607702325474,4.115633724431441e-08
4001537.4805662315,4070894.0588288894,0.4594856673131026,3.9108742216280897e-08
4142935.0270657884,4214975.995302687,0.464834364377207,3.712260672646559e-08
4289829.970155504,4364683.94500832,0.4701037765577169,3.5197945004731196e-08
4442486.812426919,4520289.6798455175,0.4752910172513423,3.333579381924812e-08
4601185.793798313,4682081.907751108,0.4803933092977381,3.153607631494575e-08
4766224.25137639,4850366.595001672,0.4854080058025701,2.9798887746485466e-08
4937917.386796117,5025468.17859056,0.4903325446176094,2.812389650684922e-08
5116599.525665175,5207730.872739789,0.4951645832227642,2.6511396793018628e-08
5302625.477186374,5397520.08163296,0.4999019099585212,2.4960991003569468e-08
5496372.0036091,5595223.925585242,0.5045424727599253,2.3472294259104604e-08
5698239.408393154,5801254.891201067,0.5090843505553433,2.2044636745949342e-08
5908653.254181639,6016051.617162212,0.5135258714328275,2.0677786673003612e-08
6128066.22126174,6240080.825361267,0.5178655078837207,1.937085117507235e-08
6356600.955250686,6473121.085140106,0.5220896534740801,1.8126248204358553e-08
6593812.716896169,6714504.348652232,0.5261804711663232,1.694739574203146e-08
6839547.437623238,6964590.526594245,0.5301400384067575,1.5832811205393535e-08
7094174.344306809,7223758.162019373,0.5339705400939564,1.4780015571448557e-08
7358081.854518225,7492405.547017077,0.5376742674094692,1.3786574976504912e-08
7631678.73469591,7770951.922374742,0.541253634453584,1.2850165576625117e-08
7915395.338092336,8059838.75380993,0.5447111156692288,1.1968289445621588e-08
8209684.925534161,8359531.097258391,0.5480492822549327,1.1138644875917307e-08
8515025.078189954,8670519.059121517,0.5512707838931207,1.0358927139455898e-08
8831919.20623152,8993319.353341524,0.554378322236916,9.626813851902294e-09
9160898.161817757,9328476.970293991,0.5573746622071976,8.940092120020458e-09
9502521.963251228,9676566.956208464,0.5602626003073637,8.296527383800604e-09
9857381.641796136,10038196.327383809,0.5630449922924794,7.694043147193757e-09
10226101.218090087,10414006.108796367,0.5657247039727479,7.1305000902217935e-09
10609339.811991239,10804673.51518611,0.5683046223977549,6.603874249067069e-09
11006260.412314735,11207847.30944336,0.5707701261760798,6.1152381762980895e-09
11415583.880953295,11623320.45246323,0.573122971845333,5.663051171374214e-09
11837427.615021577,12051534.777579924,0.5753688421588228,5.244734194442803e-09
12272243.116482472,12492951.45538502,0.5775131219610616,4.857722668978193e-09
12720501.736215038,12948052.017045056,0.5795609340386728,4.499691387199185e-09
13182695.737798817,13417339.458552577,0.5815171434087165,4.168467333708432e-09
13659339.39584233,13901339.333132084,0.5833863573700863,3.862013317655688e-09
14149449.952691812,14397560.572251542,0.5851627677703162,3.5798757896420255e-09
14651886.896318462,14906213.220385382,0.5868516217123365,3.3202499745483623e-09
15166943.867965039,15427674.515544698,0.5884583294731848,3.0811639823764495e-09
15695004.967443492,15962335.419342289,0.5899879102303163,2.8608427252996957e-09
16236468.325160708,16510601.23097913,0.5914450119499034,2.6576556273625175e-09
16791746.725810457,17072892.220641784,0.5928339507949196,2.470142453909e-09
17361268.24962598,17649644.27861018,0.5941587318063932,2.2969679833308697e-09
17945476.952181395,18241309.62575261,0.5954230715293584,2.136916973541765e-09
18544833.579283573,18848357.532814533,0.5966304211969417,1.988886961865651e-09
19159816.309080716,19471275.0853469,0.5977839917651651,1.8518832284204493e-09
19790921.538771354,20110567.992195804,0.5988867705456455,1.724997678945193e-09
20438664.712350372,20766761.43250494,0.5999415377469519,1.6074028426883766e-09
21103581.189459287,21440400.94641363,0.6009508829910315,1.4983462567731763e-09
21786227.1590928,22132053.37177197,0.6019172188698769,1.3971408809052813e-09
22487180.60159985,22842307.831427734,0.6028427968978669,1.303163979341398e-09
23207042.29535626,23571776.759284787,0.6037297178102025,1.2158446761276658e-09
23946436.887439854,24321097.01559492,0.6045799458445932,1.13466575503709e-09
24706014.008437473,25090931.00128003,0.60539531692969,1.0591518434602968e-09
25486449.453932114,25881967.9065842,0.6061775478037216,9.888677364943355e-10
26288446.429102533,26694924.95162087,0.6069282482225803,9.234195378980409e-10
27112736.838116568,27530548.724612266,0.6076489268618269,8.624439161977387e-10
27960082.655502476,28389616.58639269,0.6083409979833629,8.056070449448521e-10
28831277.39394151,29272938.20149033,0.6090057918236379,7.526067843380823e-10
29727147.660661682,30181357.119833037,0.6096445580219618,7.031625887858797e-10
30648554.769645702,31115752.419458367,0.610258473106417,6.570185923466769e-10
31596396.44570857,32077040.47195877,0.6108486451334764,6.139387933973166e-10
32571608.609213125,33066176.74646748,0.6114161184539134,5.737059038896419e-10
33575167.25154887,34084157.75663026,0.6119618788868028,5.361204457066178e-10
34608090.44428249,35132023.13193472,0.6124868579308391,5.009985599379428e-10
35671440.457156286,36210857.78237785,0.6129919364187257,4.681704352739802e-10
36766326.02004142,37321794.25770499,0.6134779479571622,4.374791441547523e-10
37893904.687491015,38466015.11727704,0.613945682558643,4.0877999869343297e-10
39055385.31857341,39644755.519869775,0.6143958891626422,3.819387229019445e-10
40252030.7050062,40859305.89014261,0.6148292787188372,3.5683127419213435e-10
41485160.326912716,42111014.76368283,0.6152465257523151,3.333419154390066e-10
42756153.3005264,43401291.83736998,0.6156482717608261,3.113641377529981e-10
44066451.4640195,44731611.09066902,0.6160351271047513,2.9079887625904233e-10
45417562.63167009,46103514.172671154,0.6164076719874582,2.7155335358179694e-10
46811064.06222102,47518613.95177089,0.6167664590357606,2.5354187287814055e-10
48248606.11593894,48978598.28010699,0.6171120149354836,2.366846636750476e-10
49731916.08948949,50485233.89887199,0.6174448419186893,2.2090741720185352e-10
51262802.28602941,52040370.67318683,0.6177654184428129,2.061404047658623e-10
52843158.359922044,53645946.04665726,0.6180742014649272,1.923192316078662e-10
54474967.85571362,55303989.66476999,0.6183716269533364,1.7938339206522696e-10
56160309.06787963,57016628.47098927,0.6186581109339652,1.672763571562585e-10
57901360.1157151,58786091.76044092,0.6189340510947469,1.5594568275401092e-10
59700404.31092046,60614716.86139999,0.6191998273039331,1.453420983048007e-10
61559835.89369704,62504954.92599408,0.619455802363761,1.354194821395962e-10
63472610.46464566,64440266.00329724,0.6197000650514027,1.262136565570381e-10
65430529.653554186,66420793.303811125,0.6199331314935597,1.1767898483219727e-10
67433940.4723009,68447087.64079069,0.6201555447572304,1.0976355192420784e-10
69483385.91577415,70519684.19075762,0.6203678190853349,1.0241951242649308e-10
71579392.94430867,72639101.6978597,0.6205704416614874,9.560295480884499e-11
73722471.6549027,74805841.61194569,0.6207638741972988,8.927353696393508e-11
75913114.46881968,77020387.32569368,0.620948554384406,8.33941633991357e-11
78151795.42005421,79283203.51441474,0.6211248973606719,7.793075599550406e-11
80438969.45938094,81594735.40434714,0.6212932969334506,7.285193577131411e-11
82775071.75727129,83955408.11019543,0.6214541268116606,6.81288337055539e-11
85160517.03278902,86365625.95538263,0.6216077419554598,6.373496242504971e-11
87595698.91865765,88825771.88193266,0.621754479485564,5.964586430446711e-11
90080989.3745749,91336206.86721715,0.6218946597575352,5.583903697684599e-11
92616738.19565171,93897269.52408628,0.6220285872838563,5.2293732822943286e-11
95203272.4704338,96509275.4167813,0.6221565515683052,4.89908100156705e-11
97840891.4275859,99172507.4383905,0.6222788276672213,4.591267224334728e-11
99586253.71919525,100000000.0,0.6223159419460373,4.48514953945227e-11
